shipment_id,origin,destination,carrier,priority,distance_km,hub_count,weather_risk,traffic_risk,customs_risk,weekend_shipment,holiday_shipment,estimated_transit_hours,delay_hours,is_delayed,high_risk_flag
S0001,Secunderabad,Gachibowli,C,medium,28.4,0,0.9620550007109454,0.596624528151188,0.06363314628449585,0,0,16.1,1.5,1,1
S0002,Banjara Hills,Gachibowli,A,low,25.2,1,0.5742272597068724,0.7643658515446485,0.006011354174927684,0,0,16.8,0.0,0,0
S0003,Kukatpally,Banjara Hills,B,medium,21.0,2,0.6852140135539123,0.8690957868232116,0.019672299220715447,0,0,11.5,2.9,1,1
S0004,Banjara Hills,Uppal,C,medium,18.8,0,0.2830932927405277,0.3146726134865774,0.05045493636903658,1,1,10.4,0.6,1,0
S0005,Uppal,Kondapur,A,high,22.6,3,0.8054153267480705,0.798416239340797,0.0024237708796487887,0,0,11.0,0.0,0,1
S0006,Uppal,Shamshabad,A,low,19.6,0,0.384190247449829,0.7376230464088753,0.00807409860420545,1,0,13.0,1.3,1,1
S0007,Secunderabad,Madhapur,C,medium,29.4,0,0.6086717352988567,0.42732542808838536,0.09800542929339985,0,0,16.4,0.5,1,0
S0008,Secunderabad,Shamshabad,B,medium,13.1,3,0.42969890439199654,0.7898062834598893,0.07369928372873134,0,0,7.4,1.8,1,1
S0009,Uppal,Gachibowli,B,express,7.3,0,0.4415312672537275,0.694480778217083,0.010396557962912424,1,0,3.3,0.0,0,0
S0010,Uppal,Shamshabad,D,medium,42.3,0,0.6836874342676287,0.731335823541595,0.03593186773959785,1,0,23.5,1.9,1,1
S0011,Kukatpally,Kondapur,D,express,9.5,0,0.05775191115781825,0.4068513521366085,0.05220853718098326,0,0,4.1,0.8,1,0
S0012,Secunderabad,Gachibowli,A,low,17.6,1,0.44791625654767786,0.7977378172233694,0.024162517164039696,0,0,11.6,1.2,1,1
S0013,Madhapur,Kondapur,A,high,15.7,2,0.7955236578516274,0.7277462931672103,0.0794188312192224,0,0,7.5,0.0,0,0
S0014,Uppal,Secunderabad,C,medium,15.6,2,0.6659760047116529,0.5289599394128506,0.04929684362200807,0,0,8.9,0.0,0,0
S0015,Kukatpally,HITEC City,A,express,29.5,1,0.3104879169725616,0.7848639988743711,0.0024400066016894845,0,0,12.5,0.0,0,0
S0016,HITEC City,Gachibowli,C,high,11.2,0,0.1520517782640047,0.2774145502958042,0.058966819858935746,0,0,5.8,0.2,1,0
S0017,Shamshabad,Gachibowli,B,express,21.5,0,0.36877330700878197,0.4043855800284826,0.017390531852415264,0,1,9.1,0.5,1,0
S0018,Kukatpally,HITEC City,B,high,15.2,0,0.5903716198303826,0.3777659858652078,0.022164798199401578,0,0,7.5,0.4,1,0
S0019,Shamshabad,Kondapur,C,medium,9.2,0,0.5447027446908432,0.13245270343637333,0.19420670553014605,0,0,5.4,0.6,1,0
S0020,Shamshabad,Kondapur,A,medium,29.6,0,0.5244377380240883,0.801856669482087,0.03924515744335026,1,1,16.6,1.2,1,1
S0021,Gachibowli,Kondapur,A,express,4.7,0,0.27980246384142116,0.27434364620460444,0.04579723118606751,1,0,2.2,0.0,0,0
S0022,Shamshabad,HITEC City,D,medium,24.2,0,0.47099170927740786,0.3393917070587741,0.01822846312308911,1,0,13.4,0.0,0,0
S0023,Uppal,Madhapur,D,high,12.7,1,0.47739231142812416,0.6011613930874744,0.009568180388892716,0,1,6.1,1.7,1,1
S0024,Banjara Hills,Uppal,A,medium,29.2,0,0.4517605407075731,0.5075112082809455,0.020027907326847866,0,0,16.4,0.9,1,0
S0025,Shamshabad,Secunderabad,D,express,45.4,0,0.6844670321919759,0.7614359093949107,0.04933220646479439,0,0,19.6,1.3,1,1
S0026,Gachibowli,HITEC City,B,medium,16.8,0,0.6758679112618236,0.428513743114206,0.042243251283261125,0,1,9.6,0.9,1,0
S0027,Banjara Hills,Gachibowli,D,medium,42.6,0,0.6452061602837692,0.6537992476080413,0.025743470884975764,0,0,23.8,0.9,1,0
S0028,Kukatpally,Madhapur,B,medium,20.0,0,0.19426159304153143,0.7417689148577653,0.016590148890409464,0,1,11.2,0.0,0,0
S0029,Uppal,Gachibowli,A,high,27.0,2,0.7401669319311565,0.7722596572368492,0.05095903378026906,1,0,13.1,0.0,0,1
S0030,Secunderabad,Shamshabad,A,high,6.8,0,0.18869140217504438,0.6204389696559405,0.016764154406592433,1,0,3.2,0.5,1,0
S0031,Shamshabad,Gachibowli,A,medium,13.7,0,0.33075609485696134,0.30198265128891294,0.10018999618490171,0,0,7.4,1.0,1,1
S0032,Uppal,Shamshabad,C,medium,8.0,0,0.28624979006880746,0.4067192638641597,0.049390540594945465,0,0,4.4,0.9,1,0
S0033,Secunderabad,Gachibowli,D,high,18.8,0,0.3500621043839508,0.5071151610002135,0.009739840873152675,0,0,9.3,0.0,0,0
S0034,HITEC City,Banjara Hills,A,express,6.7,0,0.14932321592800465,0.3132686199263831,0.02677140771312545,0,0,3.1,0.3,1,0
S0035,Kukatpally,Gachibowli,C,express,19.5,2,0.3609241128425994,0.7260034194501614,0.051027017909928196,1,0,8.4,0.0,0,0
S0036,Kukatpally,HITEC City,C,medium,20.0,0,0.34134489981542626,0.5602340852188998,0.038728414646290475,0,0,11.1,0.0,0,0
S0037,Kukatpally,Madhapur,C,express,18.9,0,0.42289959111410447,0.6149621156846571,0.033601308209201,0,0,7.9,0.3,1,0
S0038,Gachibowli,Banjara Hills,B,high,14.8,1,0.44477875564380104,0.7263201511478309,0.006300383796844386,0,0,7.0,1.6,1,1
S0039,Gachibowli,HITEC City,A,express,7.2,0,0.3916226306717472,0.39378060904281875,0.0003630261902000794,1,0,3.4,0.8,1,0
S0040,Kukatpally,HITEC City,D,low,18.8,2,0.6557116797971247,0.8742955897014785,0.015752091301087175,0,0,12.5,2.3,1,1
S0041,Uppal,Shamshabad,B,high,23.7,1,0.8140470497171405,0.6768932904031648,0.0902591882423863,0,0,11.4,0.0,0,0
S0042,HITEC City,Kondapur,B,express,30.9,2,0.5776451887499137,0.6968045015260265,0.091412626319899,1,0,13.1,0.0,0,0
S0043,Uppal,Madhapur,B,medium,35.2,0,0.9104817408327486,0.5613378282802433,0.11130289751187354,0,0,20.0,1.0,1,1
S0044,Shamshabad,Kondapur,D,medium,20.8,2,0.8337537671991232,0.7355267734631604,0.0030594847373352115,1,0,11.9,0.0,0,1
S0045,Banjara Hills,Uppal,C,express,38.3,0,0.6604187092866536,0.754324046217376,0.011774489489527185,0,0,16.4,0.0,0,0
S0046,Kukatpally,Uppal,A,low,30.7,0,0.31333134165769416,0.5318820426373609,0.05106071030985262,0,0,20.2,0.6,1,0
S0047,Secunderabad,Madhapur,C,high,16.5,1,0.185863517871803,0.7145410102417604,0.039788565374232296,0,0,8.1,0.8,1,0
S0048,Shamshabad,Uppal,A,high,14.0,2,0.5482378947978386,0.7774256898406932,0.009385693105263706,0,0,6.9,0.0,0,0
S0049,Shamshabad,Banjara Hills,D,low,23.8,0,0.5622230235585158,0.689484244157449,0.10141173040566816,0,0,15.7,0.0,0,0
S0050,Kondapur,Uppal,D,medium,24.1,1,0.47720181487572333,0.6540552842220009,0.04033113060189135,1,0,13.6,0.0,0,0
S0051,Banjara Hills,HITEC City,C,medium,26.6,0,0.31320708278432696,0.98,0.025160304545543938,1,0,14.9,0.0,0,0
S0052,Uppal,Kukatpally,D,medium,25.8,0,0.7578975809374706,0.5412041219108075,0.01591125982784564,0,0,14.3,0.0,0,0
S0053,HITEC City,Secunderabad,C,high,20.8,0,0.3676748734807237,0.44202035685768737,0.10071630039687708,0,0,10.3,0.0,0,0
S0054,Kondapur,Shamshabad,B,low,6.6,3,0.596691531428737,0.8467455970951123,0.026258643273488005,0,0,4.2,0.0,0,0
S0055,Madhapur,Banjara Hills,B,high,8.5,0,0.23560894394162735,0.31445778299058347,0.010959296706258123,1,0,4.1,0.0,0,0
S0056,Secunderabad,Madhapur,B,medium,13.7,0,0.278606771240876,0.19948899184407315,0.061569990880620006,1,0,7.9,0.7,1,0
S0057,Secunderabad,Kukatpally,B,express,8.7,3,0.7447675200523851,0.6498948373709843,0.21286730092053865,0,0,3.9,1.7,1,1
S0058,Madhapur,Banjara Hills,D,express,45.9,0,0.24130465328268497,0.8297532157796761,0.018587358391688007,1,0,19.6,1.2,1,1
S0059,Kondapur,Kukatpally,B,medium,12.7,0,0.2261298225944227,0.32873353492136026,0.047475417024763,1,0,7.4,0.0,0,0
S0060,Kukatpally,Secunderabad,B,low,18.8,0,0.4524172368075504,0.40125291156090487,0.03138635846456882,1,0,12.3,0.9,1,0
S0061,Uppal,Kukatpally,D,low,19.4,0,0.7324726023141312,0.40796222624898587,0.029044400728379164,0,0,12.9,0.8,1,0
S0062,Gachibowli,Madhapur,D,low,18.8,1,0.6629751244887658,0.5034350336815447,0.23173346564525502,0,0,12.3,0.0,0,0
S0063,Banjara Hills,Shamshabad,D,medium,7.8,0,0.15370129454933085,0.5162452077530771,0.09876217420380004,0,0,4.6,0.0,0,0
S0064,Banjara Hills,HITEC City,D,express,43.7,0,0.6557569046749671,0.9203305019311905,0.0361179186070467,0,0,18.8,1.5,1,1
S0065,Gachibowli,HITEC City,D,low,14.1,0,0.485418603552604,0.46688376444515384,0.042739724814703214,0,0,9.4,0.0,0,0
S0066,Uppal,Banjara Hills,D,medium,40.9,0,0.7025099158374527,0.6676285651597013,0.034438317145324346,0,0,22.9,0.0,0,0
S0067,Kukatpally,Gachibowli,C,medium,23.7,2,0.6865478602363925,0.8675014861346112,0.07257608926940082,1,1,13.5,3.8,1,1
S0068,Shamshabad,Kondapur,A,high,6.8,0,0.3801970651092874,0.2966704183753476,0.07287798450513938,1,0,3.6,0.3,1,0
S0069,Madhapur,Kondapur,C,medium,29.4,1,0.5407451508529914,0.7326209851873986,0.054081410801967086,1,0,16.4,2.4,1,1
S0070,Kondapur,Secunderabad,A,express,23.8,2,0.6880465297175897,0.6188546137254718,0.011160139731090825,0,0,10.2,2.2,1,1
S0071,Shamshabad,Secunderabad,B,low,45.3,2,1.0,0.98,0.07795850556604834,0,0,29.4,4.8,1,1
S0072,Gachibowli,Banjara Hills,D,high,17.9,1,0.49801897395207045,0.4947949711356512,0.009396049925690238,1,0,8.6,0.0,0,0
S0073,Madhapur,Secunderabad,D,express,23.6,1,0.6427433975706235,0.43608832938175734,0.03345849317189825,0,0,10.3,1.3,1,1
S0074,Kukatpally,Kondapur,D,high,19.6,1,0.5345707195140956,0.6180811744054404,0.005085097027305576,0,0,9.5,1.8,1,1
S0075,Secunderabad,Uppal,D,medium,23.3,1,0.6141502808905444,0.6529404277834037,0.05360376596816353,0,1,12.8,2.5,1,1
S0076,Uppal,HITEC City,D,medium,42.8,0,0.6094159031889161,0.655981611530556,0.016382772152494392,0,0,23.8,1.1,1,1
S0077,Kondapur,Gachibowli,B,low,31.1,0,0.39145728463381746,0.5996343759167819,0.004293405021459768,0,0,20.6,0.8,1,0
S0078,Madhapur,Kukatpally,A,low,18.5,1,0.3958303177792667,0.6887431021426301,0.06592330188124701,0,0,12.3,1.8,1,1
S0079,Madhapur,Uppal,D,express,27.7,0,0.6802267758559875,0.7312963945454599,0.003905832147819657,0,0,12.2,1.2,1,1
S0080,Shamshabad,Secunderabad,B,medium,25.2,2,0.6693527232991794,0.6420589821831686,0.08970335602125706,0,0,13.9,2.6,1,1
S0081,Madhapur,Kondapur,C,express,40.4,0,0.8074950073275181,0.2971264262228039,0.09119101324223565,0,0,17.4,0.0,0,0
S0082,Kukatpally,HITEC City,C,low,27.2,0,0.6841060691504153,0.19259938401130106,0.024992317808552426,0,0,18.1,0.6,1,0
S0083,Madhapur,Secunderabad,A,high,21.9,0,0.440794435961156,0.7760360986233308,0.03863940431661096,1,1,11.0,0.9,1,0
S0084,Madhapur,Secunderabad,A,medium,10.5,1,0.5543786293077742,0.6011355774113855,0.005152523905532131,1,0,5.7,1.1,1,1
S0085,Kondapur,Secunderabad,B,low,4.8,1,0.7376556964851575,0.35044435838949595,0.026182339992687795,0,0,3.3,1.1,1,1
S0086,Kukatpally,Banjara Hills,D,express,6.1,1,0.33088122009388987,0.18179766444847645,0.12390343333872855,0,0,2.8,0.0,0,0
S0087,Gachibowli,HITEC City,B,high,12.7,0,0.2902395572525496,0.29452641323552853,0.007787946108251061,1,0,6.5,0.7,1,0
S0088,HITEC City,Gachibowli,D,medium,27.7,0,0.24712089871240184,0.5546216260361923,0.1289896313773689,1,0,15.7,0.0,0,0
S0089,Madhapur,Secunderabad,B,express,8.7,1,0.3677682710857334,0.4118290049082145,0.002231941516775316,0,0,3.8,0.0,0,0
S0090,Banjara Hills,Secunderabad,B,high,31.1,1,0.7901272943826603,0.4561489192734498,0.045030454399113976,1,0,15.4,2.8,1,1
S0091,Kondapur,Uppal,D,low,17.1,1,0.6777412179503586,0.6735378617801624,0.00462474472212489,0,0,11.3,1.2,1,1
S0092,Madhapur,Kukatpally,A,high,43.1,1,0.5992443219360823,0.8206466227505658,0.16117043547299323,0,1,20.8,0.0,0,0
S0093,Shamshabad,Gachibowli,C,high,14.9,0,0.3558388246705075,0.35435118051890785,0.1807860885309468,0,0,7.3,0.8,1,0
S0094,Kondapur,HITEC City,D,high,19.1,0,0.5455710130653745,0.5524120126803695,0.04095694521707914,0,0,9.2,0.3,1,0
S0095,Secunderabad,Shamshabad,C,medium,9.8,1,0.22266556013874203,0.3866228473714589,0.14320751035934184,0,0,5.8,1.1,1,1
S0096,Gachibowli,Kukatpally,A,medium,17.2,3,0.5775725177926374,0.6907151313417178,0.12183973116519034,0,0,9.7,0.0,0,0
S0097,Gachibowli,Kukatpally,D,low,24.2,1,0.4246856472091297,0.5497472982990306,0.005049165866716913,0,0,15.8,0.0,0,0
S0098,Gachibowli,Kondapur,C,high,3.4,0,0.0,0.30082040024113016,0.02116838451744778,0,0,1.7,0.0,0,0
S0099,Shamshabad,HITEC City,C,high,26.2,0,0.2841869992979533,0.5021661261619674,0.09978989638005847,0,0,13.0,0.0,0,0
S0100,Madhapur,Secunderabad,B,high,10.8,0,0.38176895830994195,0.5207853927049048,0.033114259926259985,1,0,5.1,0.0,0,0
S0101,Madhapur,Shamshabad,D,high,26.5,2,0.9680602945523169,0.6540188585304919,0.06790213507536474,0,0,12.8,0.0,0,1
S0102,Secunderabad,Uppal,D,medium,41.5,0,0.5897166188905858,0.698051232719787,0.21638662887392965,1,0,23.4,1.4,1,1
S0103,Madhapur,HITEC City,D,high,25.8,1,0.6831128577912455,0.5837944946623327,0.10312596921036857,0,0,12.8,0.0,0,0
S0104,Uppal,Shamshabad,B,high,6.8,1,0.31480637255997584,0.5326260366500623,0.11086517418221592,1,0,3.5,0.7,1,0
S0105,Banjara Hills,Madhapur,B,high,13.5,0,0.5095228187046889,0.295600170884659,0.0785721451691923,0,0,6.7,0.6,1,0
S0106,Madhapur,Secunderabad,D,low,19.0,2,0.5468071667145791,0.6271619821127181,0.007356848010765427,0,1,12.5,0.0,0,0
S0107,Kondapur,Banjara Hills,D,high,27.9,2,0.756075278959832,0.7404784537371449,0.19600866687487262,0,0,13.6,0.0,0,0
S0108,Uppal,Kukatpally,A,high,20.6,1,0.304808799347257,0.6608260102240039,0.026441855259317398,1,0,10.1,0.0,0,0
S0109,Secunderabad,Madhapur,A,high,18.3,0,0.1649860254088391,0.7777991262680568,0.22627607816104595,1,0,8.9,1.2,1,1
S0110,Gachibowli,Secunderabad,C,express,23.3,0,0.25631550355291416,0.7152732513307631,0.14702179823819134,1,0,10.2,1.0,1,1
S0111,HITEC City,Shamshabad,B,low,9.9,1,0.4234143118385972,0.36223082668729645,0.0019037562235768978,1,0,6.7,1.2,1,1
S0112,HITEC City,Kondapur,D,high,7.7,1,0.36354565597887106,0.6304711807030839,0.005700392354408679,0,0,3.7,0.6,1,0
S0113,Kondapur,HITEC City,A,medium,29.5,1,0.6898174151902566,0.548185002820812,0.1026554534673381,0,0,16.3,0.0,0,0
S0114,Kondapur,Kukatpally,C,medium,27.5,0,0.4338952278628082,0.8302544312800192,0.043992322008216976,1,0,15.6,1.7,1,1
S0115,Kondapur,Uppal,A,express,21.0,0,0.48771004157676373,0.7061979955710158,0.03686688547578883,0,0,9.2,0.8,1,0
S0116,Gachibowli,Kukatpally,C,express,7.0,1,0.6664816410592341,0.436713132080967,0.10953648462953768,1,0,3.2,0.0,0,0
S0117,Kondapur,HITEC City,A,express,17.5,0,0.14136258212073996,0.6331545322580805,0.03609230534998331,0,0,7.3,0.3,1,0
S0118,HITEC City,Secunderabad,C,medium,6.5,0,0.32128768834280774,0.1683168484737327,0.03808041575052761,0,0,3.5,0.5,1,0
S0119,Uppal,Kondapur,B,medium,13.4,0,0.13229718621340988,0.3784744054169915,0.08627077487788895,0,0,7.7,0.9,1,0
S0120,Uppal,Secunderabad,D,express,18.1,2,0.5397878757238374,0.8238440191555814,0.029584753010718133,0,0,7.8,2.4,1,1
S0121,Banjara Hills,Uppal,A,express,20.3,0,0.4929675783947094,0.6730320161754059,0.29604071161968,0,0,8.8,0.0,0,0
S0122,Kondapur,Madhapur,C,low,26.1,0,0.2565440512173318,0.6733953626096255,0.04122333226315521,0,0,17.2,0.0,0,0
S0123,Shamshabad,Secunderabad,D,express,14.9,0,0.0,0.5057853302142373,0.006189361931139349,1,0,6.5,0.0,0,0
S0124,Kondapur,Kukatpally,A,low,30.2,0,0.48107417867701435,0.4991393619817483,0.06283941214286665,0,0,19.8,0.0,0,0
S0125,Kukatpally,Banjara Hills,B,express,26.6,1,0.5685327587629844,0.6519351825715994,0.08433833520640681,0,0,11.7,1.7,1,1
S0126,Kondapur,Gachibowli,C,medium,13.9,0,0.2561058007640698,0.7316551447030029,0.012425394626861314,0,0,7.9,0.0,0,0
S0127,Uppal,Banjara Hills,A,medium,28.8,0,0.3766970387664533,0.3923016906288863,0.049043773253427514,0,0,16.3,0.8,1,0
S0128,Shamshabad,Gachibowli,A,express,16.7,0,0.5478537190122146,0.49308620624847566,0.03877095099131678,0,1,7.5,0.0,0,0
S0129,Kukatpally,Shamshabad,B,express,9.0,1,0.20439875318294307,0.5843873457840377,0.008833919023379148,0,0,3.9,0.0,0,0
S0130,Kondapur,HITEC City,B,high,35.2,0,0.6677822992553148,0.6621630359143245,0.01772787416544046,0,0,17.0,0.0,0,0
S0131,Uppal,Shamshabad,C,low,18.8,0,0.27809737131135714,0.5638140719937227,0.016987672667976513,0,0,12.7,0.0,0,0
S0132,Secunderabad,Kukatpally,D,express,12.1,0,0.3935838475862835,0.40557337552958955,0.0188564388940963,0,0,5.5,0.9,1,0
S0133,Gachibowli,Uppal,D,high,8.7,3,0.6797043066475431,0.7081554983733847,0.08823032129273198,0,0,4.1,2.2,1,1
S0134,Secunderabad,Kukatpally,D,low,13.6,1,0.7083059027240359,0.485823874046488,0.021544248449475296,1,0,9.1,0.0,0,0
S0135,Kukatpally,Uppal,D,express,24.4,0,0.42727169135115817,0.6591720879214595,0.14818500131612536,0,1,10.5,0.0,0,0
S0136,Secunderabad,Kondapur,D,medium,13.1,0,0.4439313516420955,0.2299207094926225,0.048319824551189224,0,0,7.4,0.0,0,0
S0137,Secunderabad,Banjara Hills,D,medium,15.1,2,0.8828286964077028,0.8177981570715966,0.05507460454503578,0,0,8.3,0.0,0,1
S0138,Secunderabad,HITEC City,A,medium,33.2,0,0.5267945019955165,0.6324173556382369,0.03463278531650838,1,1,18.8,1.7,1,1
S0139,Kukatpally,Uppal,A,medium,41.2,2,0.5673989948877104,0.9376456457352329,0.033059440544811435,0,0,23.1,0.0,0,0
S0140,Gachibowli,Uppal,C,medium,18.5,0,0.05714342762869862,0.4444100162504945,0.10171632731106824,0,0,10.7,0.8,1,0
S0141,Secunderabad,Banjara Hills,C,low,15.1,0,0.3364671255577388,0.2395733023790208,0.013169237000508096,0,0,10.1,1.0,1,1
S0142,Kukatpally,Gachibowli,C,low,18.8,1,0.3214942842362822,0.46366078787011167,0.0763333779783168,0,0,12.7,1.1,1,1
S0143,HITEC City,Shamshabad,D,low,27.6,3,0.6949516725293768,0.953031106224527,0.02702066517302833,1,0,18.1,0.0,0,1
S0144,Banjara Hills,Madhapur,D,medium,8.1,1,0.46024881513154237,0.41175556146153086,0.036855286508762394,0,0,4.3,0.0,0,0
S0145,Secunderabad,Gachibowli,B,medium,21.3,1,0.8949072500106712,0.6749584800679274,0.12578029194667686,1,0,12.2,3.0,1,1
S0146,Madhapur,Kukatpally,D,medium,29.2,0,0.5636330574188468,0.46340883703874114,0.10710980392612654,0,0,16.4,0.9,1,0
S0147,Madhapur,Kondapur,A,medium,39.0,0,0.5532799637290549,0.5208743493389106,0.009857378184397346,1,0,21.8,0.0,0,0
S0148,HITEC City,Uppal,C,medium,10.3,1,0.34892286749141654,0.3434897531723221,0.018861741875612868,1,0,5.7,0.0,0,0
S0149,Shamshabad,Banjara Hills,A,medium,32.7,0,0.627047060515724,0.39457030956322325,0.11567288846366619,0,1,18.0,0.7,1,0
S0150,Uppal,Madhapur,D,high,25.6,0,0.159879382749617,0.30863764990986664,0.11021956143341742,1,0,12.3,0.0,0,0
S0151,Madhapur,Uppal,A,medium,21.5,0,0.17027487679237535,0.7521431442354803,0.022816391801017435,0,1,12.2,0.8,1,0
S0152,Kondapur,Banjara Hills,B,medium,7.7,0,0.044270417987473526,0.1751947321646752,0.04740663229048172,1,0,4.2,0.0,0,0
S0153,Uppal,Banjara Hills,B,medium,17.0,0,0.14506188156956004,0.2705535046641038,0.3,0,0,9.3,1.1,1,1
S0154,Secunderabad,Shamshabad,D,high,21.2,1,0.41766066632169613,0.5106020590538404,0.03046903454185855,0,0,10.5,0.6,1,0
S0155,Uppal,Banjara Hills,B,medium,13.2,1,0.42899716509833574,0.5895417956181899,0.038727847083676076,0,0,7.2,0.8,1,0
S0156,Uppal,Secunderabad,C,high,24.9,0,0.56739734177819,0.5937078315160764,0.036150224251084835,1,0,11.9,0.7,1,0
S0157,Secunderabad,Madhapur,D,high,13.7,1,0.2634875494495915,0.30632290111066934,0.027745397462463416,1,0,6.6,0.0,0,0
S0158,Shamshabad,Banjara Hills,D,high,47.3,0,0.43137333166573805,0.8277951489532683,0.038787756932865756,0,0,23.0,0.8,1,0
S0159,Secunderabad,Shamshabad,A,medium,19.0,0,0.6114219166080099,0.6525377351113448,0.05895811672555769,0,0,10.8,0.8,1,0
S0160,Uppal,Kondapur,D,medium,6.5,1,0.43009511336975714,0.3998834730756029,0.1991816961882024,0,0,4.0,0.0,0,0
S0161,Secunderabad,Banjara Hills,A,high,19.8,0,0.10262790710396791,0.4652623254385745,0.06800775048234604,0,0,9.9,0.0,0,0
S0162,HITEC City,Banjara Hills,A,high,22.0,0,0.5597664146113059,0.5109219216540537,0.06028423536916643,0,0,10.5,0.0,0,0
S0163,Banjara Hills,HITEC City,A,medium,24.6,1,0.5822800052270312,0.5005714165720032,0.17184721061510497,0,0,13.5,0.0,0,0
S0164,Kukatpally,Secunderabad,D,high,6.4,0,0.35889319496764044,0.11553507022432744,0.0238154604430437,0,0,3.0,0.3,1,0
S0165,Madhapur,Shamshabad,B,express,17.6,0,0.47288767386907166,0.6821464269768642,0.032697556323784564,0,0,7.8,0.0,0,0
S0166,Kukatpally,Gachibowli,C,express,12.4,1,0.38494892639173584,0.6062794787802162,0.07779090684547829,1,0,5.2,1.0,1,1
S0167,HITEC City,Kukatpally,A,medium,11.3,0,0.38659543321340717,0.25881458514294575,0.09339321654501186,0,0,6.5,0.0,0,0
S0168,Madhapur,Shamshabad,B,medium,19.6,0,0.497034771478005,0.20440188557723005,0.006997138142675406,0,0,11.3,0.3,1,0
S0169,Madhapur,Kukatpally,C,express,9.2,0,0.49741614646361565,0.33439517331797897,0.0723923718563086,1,0,3.9,1.0,1,1
S0170,HITEC City,Uppal,A,high,32.6,1,0.7129098858761005,0.7076479646038342,0.023112082516897264,1,0,15.8,0.0,0,0
S0171,Secunderabad,Uppal,A,high,12.4,2,0.4655605089711812,0.7070749997672319,0.06032701193012824,1,0,6.0,0.0,0,0
S0172,Shamshabad,Kukatpally,C,express,28.9,0,0.6698890211424882,0.6587568191522772,0.09752282342203698,0,0,12.3,0.0,0,0
S0173,Secunderabad,Banjara Hills,B,low,46.7,1,0.8883393800706947,0.7604321175247573,0.19527354745460715,0,0,30.5,3.4,1,1
S0174,HITEC City,Gachibowli,C,express,16.8,1,0.453403771684196,0.563482679934985,0.0031156714718390786,0,0,7.4,1.3,1,1
S0175,Gachibowli,HITEC City,A,medium,40.7,0,0.24191466151779478,0.7348651238130156,0.05372032590924745,0,0,22.9,0.0,0,0
S0176,Secunderabad,Uppal,B,medium,7.6,0,0.009205375018529527,0.2563060783387834,0.0487056152081612,0,0,4.5,0.3,1,0
S0177,Secunderabad,Kukatpally,A,high,29.4,1,0.4647924446464884,0.5619307052766391,0.004904051813549919,1,1,14.2,1.8,1,1
S0178,Uppal,Shamshabad,D,medium,17.4,0,0.4601462661257726,0.46848355414568277,0.18542210332675055,0,0,9.8,0.3,1,0
S0179,Kukatpally,Gachibowli,D,express,7.0,0,0.30449316717633185,0.23375468035512914,0.005451307121585993,0,0,2.9,0.0,0,0
S0180,Uppal,Secunderabad,C,medium,12.6,0,0.006573038883493809,0.4575855050937698,0.039375597812722964,0,0,7.4,0.0,0,0
S0181,HITEC City,Gachibowli,C,high,34.6,0,0.6579281110971605,0.5919709608085079,0.01209350174677645,0,0,17.1,1.2,1,1
S0182,Madhapur,HITEC City,B,low,29.2,0,0.5953017035528139,0.7607197966889787,0.025875560351879975,1,1,19.3,1.3,1,1
S0183,Shamshabad,Gachibowli,C,express,22.4,3,0.544585415226343,0.8180391642790737,0.019489041898817863,0,0,9.7,2.9,1,1
S0184,Shamshabad,Uppal,C,express,9.6,1,0.3216454885965083,0.5204004998496298,0.1527947935361648,1,0,4.0,0.0,0,0
S0185,Banjara Hills,Madhapur,D,express,19.4,3,0.7834965750300569,0.9094297203576498,0.15496562323167373,0,0,8.5,3.4,1,1
S0186,Kukatpally,Kondapur,A,high,23.8,1,0.44487321710760364,0.7029680802015791,0.05581094039205925,0,0,11.6,1.6,1,1
S0187,Uppal,Secunderabad,A,medium,26.4,0,0.5108737520385708,0.6118999784540079,0.0006136021098374399,0,0,14.9,0.0,0,0
S0188,Madhapur,Uppal,D,low,42.6,0,0.7456704009574125,0.7607269108943358,0.024923676977903937,0,0,28.0,0.0,0,0
S0189,Gachibowli,HITEC City,D,medium,39.7,1,0.6282794519179398,0.7433424226596133,0.07651057125987078,0,0,22.4,0.0,0,0
S0190,Madhapur,Gachibowli,B,low,27.0,0,0.2928826906024492,0.4893465453858207,0.01585203118548362,0,0,17.5,0.0,0,0
S0191,HITEC City,Kukatpally,C,medium,25.9,1,0.7999179237746941,0.8933689260293172,0.0012036826198523083,0,0,14.6,0.0,0,1
S0192,Kondapur,Shamshabad,A,low,23.9,0,0.22585231583908313,0.5512344552476549,0.02255569410578607,0,0,15.9,0.0,0,0
S0193,Kondapur,Kukatpally,B,express,11.7,2,0.4296044688550823,0.5913126236844372,0.08311113131582298,0,0,4.9,1.5,1,1
S0194,Secunderabad,Kukatpally,B,express,17.9,0,0.5113323673700212,0.5607682621383399,0.2940629201100662,0,0,7.9,1.1,1,1
S0195,Uppal,Banjara Hills,A,high,10.9,0,0.36242503158372635,0.4163012257490239,0.010166061611393449,1,0,5.5,1.0,1,1
S0196,HITEC City,Banjara Hills,B,low,24.8,0,0.6993321090316729,0.4604881466197806,0.05710433386272089,0,1,16.3,1.5,1,1
S0197,Kukatpally,Uppal,D,express,22.9,1,0.4559864487236073,0.6502752750714355,0.134664496156548,1,0,9.6,1.6,1,1
S0198,Madhapur,Banjara Hills,D,express,9.2,3,0.6138942414569726,0.8012704868709402,0.04360907428087184,0,0,3.9,0.0,0,0
S0199,Kukatpally,Uppal,B,express,5.1,1,0.4839495294092384,0.3471007663254846,0.25180938688525745,1,0,2.1,0.0,0,0
S0200,Banjara Hills,Gachibowli,A,high,9.8,0,0.007522189823782666,0.5559586149523069,0.01744325102317092,0,0,5.0,0.2,1,0
S0201,Kukatpally,Kondapur,A,medium,11.7,1,0.46969332141368125,0.7704840184939434,0.009898182061763895,1,0,6.8,0.0,0,0
S0202,Kukatpally,Secunderabad,B,high,21.0,0,0.5490081496657288,0.5712517746592167,0.010578176022848624,0,0,10.1,0.0,0,0
S0203,Uppal,Gachibowli,A,low,18.9,1,0.5350596774855365,0.5692895640966642,0.21544862533939738,1,0,12.6,0.0,0,0
S0204,Banjara Hills,Gachibowli,D,express,19.1,1,0.7353985004927039,0.7428101797055787,0.1721719276954906,0,0,8.3,1.7,1,1
S0205,Banjara Hills,Kondapur,D,low,26.3,0,0.29869816542146255,0.5303403523267329,0.07273702841851802,0,0,17.3,0.8,1,0
S0206,HITEC City,Banjara Hills,C,high,16.7,3,0.6457456485928565,0.721662548611772,0.02753636121155957,1,0,8.3,0.0,0,0
S0207,Kukatpally,Secunderabad,C,medium,17.9,0,0.5053674887359216,0.4245926465630105,0.04205648412205744,1,1,9.8,0.0,0,0
S0208,Banjara Hills,Madhapur,B,express,34.0,1,0.7613429348558494,0.665375201239229,0.19388527614580867,0,0,14.8,0.0,0,0
S0209,Shamshabad,HITEC City,D,express,19.4,2,0.4608362992183148,0.7112303565308323,0.034066473703228975,0,1,8.3,2.6,1,1
S0210,Banjara Hills,Kukatpally,B,medium,15.5,0,0.127579626984517,0.43593028375220033,0.018485896841135635,0,0,8.5,0.5,1,0
S0211,Madhapur,Kondapur,A,express,24.2,2,0.5004925425945097,0.573414779970236,0.1379032262698332,0,0,10.2,2.3,1,1
S0212,Uppal,Gachibowli,D,low,14.7,0,0.5065062274356396,0.8285501842952291,0.0022030716397222843,1,0,9.8,1.7,1,1
S0213,Madhapur,Kondapur,A,low,13.5,0,0.20609895744510343,0.6063577715961189,0.2888225666931222,0,0,8.8,0.0,0,0
S0214,Uppal,HITEC City,B,high,29.9,0,0.49284768684948044,0.6574830229208593,0.008136689712052279,1,0,14.7,0.0,0,0
S0215,Madhapur,Kukatpally,B,high,11.0,0,0.35400909334628544,0.39875525737414286,0.02414806209470538,0,0,5.6,0.0,0,0
S0216,Kondapur,Banjara Hills,D,high,29.7,1,0.5616876567130167,0.7385063565857476,0.020907736595695916,0,0,14.6,0.0,0,0
S0217,Banjara Hills,Kondapur,A,high,27.1,1,0.32740641868584386,0.6952344520159984,0.007614373118787807,0,0,13.4,0.0,0,0
S0218,Shamshabad,Gachibowli,D,medium,23.8,1,0.46913634046681213,0.7051038953285916,0.05168610493182976,0,0,13.5,0.0,0,0
S0219,Shamshabad,Gachibowli,A,medium,25.3,0,0.381449643013056,0.6529675475070085,0.0024496652476472002,0,0,13.9,0.8,1,0
S0220,Kukatpally,Madhapur,A,high,10.0,1,0.44459644685212635,0.6301770414546943,0.01796982099300968,0,0,4.7,0.0,0,0
S0221,Banjara Hills,Uppal,B,medium,24.3,0,0.6616932850348537,0.46565039492366833,0.11825512131097975,0,0,13.8,0.9,1,0
S0222,Kondapur,Kukatpally,B,express,27.0,0,0.38087981348376704,0.33586636458689023,0.02544192934093951,0,0,11.4,0.0,0,0
S0223,Kondapur,Shamshabad,D,medium,15.9,2,0.5443415420393621,0.8707564063897183,0.0013775676540919365,0,0,8.7,2.5,1,1
S0224,Secunderabad,Madhapur,D,express,48.7,1,0.7768913146422709,0.968130383372202,0.09077171081158744,1,0,21.0,0.0,0,1
S0225,Secunderabad,Banjara Hills,D,high,29.3,0,0.5784039169258657,0.9281718352023964,0.09395390382811852,0,0,14.0,0.0,0,0
S0226,Kukatpally,Kondapur,B,low,15.4,0,0.31467394457042386,0.4668760595089754,0.025899964051583076,1,0,9.9,0.3,1,0
S0227,Shamshabad,Kondapur,A,low,23.5,0,0.3366545430529721,0.5573126344352823,0.13586154921155413,0,0,15.8,0.0,0,0
S0228,Kukatpally,HITEC City,D,high,32.4,0,0.6431575126968766,0.8097948072061681,0.021745005260420454,0,0,15.6,1.5,1,1
S0229,Kondapur,Banjara Hills,C,high,29.9,0,0.3151099952523696,0.7169135961111666,0.011032407724285754,0,0,14.3,1.0,1,1
S0230,Gachibowli,Shamshabad,D,express,7.6,2,0.4633610829748243,0.49831310249193156,0.13400928690035682,0,0,3.1,0.9,1,0
S0231,Madhapur,HITEC City,C,express,10.0,1,0.614825521528695,0.4592713286762926,0.07976964518816797,1,0,4.5,0.0,0,0
S0232,Kondapur,Kukatpally,D,express,29.3,0,0.5513080184576663,0.4586001789778248,0.05326091014522218,1,0,12.5,0.7,1,0
S0233,Uppal,HITEC City,D,high,44.9,0,0.7699846265021499,0.779907427681927,0.03742236648482338,0,0,21.9,0.0,0,0
S0234,Shamshabad,HITEC City,D,express,17.3,0,0.1430088094436313,0.2798078915723,0.11736730236784648,0,0,7.7,0.0,0,0
S0235,HITEC City,Kukatpally,C,express,7.2,0,0.3166881597889704,0.415309859207994,0.04392438122659791,0,0,3.1,0.1,1,0
S0236,Uppal,Kondapur,A,medium,12.7,0,0.11083010702150961,0.3398833317244043,0.08571574911837834,0,0,7.4,0.0,0,0
S0237,HITEC City,Madhapur,C,high,19.8,2,0.5883894549807255,0.6094586774960327,0.16623976468819224,0,0,9.9,0.0,0,0
S0238,HITEC City,Kukatpally,B,medium,34.5,0,0.3764725692633757,0.7712239056706285,0.032021918418796945,0,0,19.5,1.0,1,1
S0239,Kukatpally,Shamshabad,B,high,26.7,1,0.5104507261249447,0.753366967399968,0.0603695613922288,0,0,13.1,1.9,1,1
S0240,Uppal,Secunderabad,A,low,27.6,0,0.6388390514612258,0.3248333604258457,0.10757705309920797,0,0,18.2,0.0,0,0
S0241,Uppal,Kukatpally,A,high,33.4,0,0.56885404165258,0.7710392187668799,0.048977824363215704,0,0,16.4,0.0,0,0
S0242,Gachibowli,Kukatpally,B,high,18.7,0,0.33939816109070875,0.570815467684094,0.03954125623414079,0,0,8.9,0.0,0,0
S0243,Gachibowli,Madhapur,C,express,21.8,1,0.4918043222285105,0.39524667625786536,0.10788680629359984,1,0,9.4,0.0,0,0
S0244,Secunderabad,Gachibowli,A,express,7.9,0,0.1818467961474854,0.5467023481864212,0.055531751862097176,1,0,3.4,0.0,0,0
S0245,Banjara Hills,Uppal,D,medium,24.2,0,0.6664010819075767,0.6105844812241534,0.007570517254543612,1,0,13.6,1.3,1,1
S0246,Kukatpally,HITEC City,C,low,10.8,0,0.29676337330174724,0.34736744820395854,0.08643592786992711,1,0,7.1,0.6,1,0
S0247,Gachibowli,Secunderabad,C,high,20.8,0,0.47346376942396184,0.706951329698083,0.007029483171610735,0,0,10.2,0.0,0,0
S0248,Madhapur,Uppal,B,medium,29.3,1,0.7725036226481957,0.6971927182866691,0.008859171851939532,1,0,16.2,3.2,1,1
S0249,Banjara Hills,Gachibowli,B,medium,15.9,0,0.11789605144961304,0.3240318205823741,0.014440189082945048,0,0,8.9,0.5,1,0
S0250,Gachibowli,Kondapur,A,medium,17.4,0,0.3686006882034137,0.492862675880313,0.05118586324044239,0,1,9.8,0.3,1,0
S0251,Kukatpally,Kondapur,B,express,4.5,0,0.24225447739677658,0.4045866913862179,0.056130612410622754,0,0,1.9,0.9,1,0
S0252,Uppal,Shamshabad,C,express,36.3,0,0.4615242317826296,0.6675743257130397,0.10015948571118025,0,0,15.8,0.0,0,0
S0253,Kukatpally,HITEC City,D,high,19.1,0,0.4349893154870196,0.3135477510001813,0.3,0,0,9.5,0.0,0,0
S0254,Kukatpally,Uppal,D,medium,23.6,0,0.3823133364428257,0.3787213830192211,0.12993590135126645,0,0,13.3,0.2,1,0
S0255,Shamshabad,Uppal,B,express,43.1,1,0.809564032616852,0.8717132240701413,0.00641020657699601,0,0,18.5,0.0,0,1
S0256,HITEC City,Madhapur,B,medium,6.9,0,0.5032859637149159,0.41801983648346713,0.0027168597693609303,0,0,3.9,0.1,1,0
S0257,Kukatpally,Shamshabad,A,medium,29.3,1,0.5958170456474675,0.7910567820384291,0.006752007060562452,0,0,16.4,0.0,0,0
S0258,Kukatpally,Shamshabad,D,medium,27.6,0,0.7222290422966228,0.3037690433438664,0.038251362535632834,0,0,15.4,0.0,0,0
S0259,Shamshabad,Secunderabad,D,express,23.4,1,0.5180107858628022,0.7772731175351235,0.026800299223268858,0,0,10.1,0.0,0,0
S0260,Uppal,Kondapur,D,high,29.9,0,0.7532994299304534,0.3913030068958095,0.01451041609555977,0,0,14.4,0.0,0,0
S0261,Madhapur,Secunderabad,D,high,6.7,0,0.39981884383505073,0.48537010377200174,0.09571192074534521,0,1,3.5,0.0,0,0
S0262,Shamshabad,HITEC City,A,medium,18.7,1,0.5560105909521157,0.6187461466262973,0.06599195314442605,0,0,10.3,1.9,1,1
S0263,Uppal,Shamshabad,D,high,8.2,1,0.5633899166453109,0.2660653919935724,0.004309104366182796,0,0,4.2,0.2,1,0
S0264,Madhapur,Kukatpally,D,medium,21.8,0,0.4908943424390907,0.37402580046295286,0.05846542887754062,0,0,12.1,0.0,0,0
S0265,Kukatpally,Gachibowli,A,express,19.2,1,0.6565130140199911,0.8740652719603982,0.06872390325849832,1,1,8.5,0.0,0,1
S0266,HITEC City,Kondapur,A,high,11.8,0,0.43693994107288775,0.24309866663871627,0.07920768454149708,0,0,5.6,1.0,1,1
S0267,Madhapur,Kukatpally,A,low,15.6,0,0.23765888468613944,0.385375653522926,0.02035298289718374,0,0,10.3,0.3,1,0
S0268,Kondapur,Gachibowli,D,express,4.6,0,0.19471683957430724,0.28503066681559575,0.12495546338316943,1,0,2.2,0.0,0,0
S0269,Shamshabad,Uppal,C,medium,26.8,0,0.6631105958832024,0.5400455395184522,0.04712452257599101,0,0,14.8,0.6,1,0
S0270,Shamshabad,Uppal,A,high,16.6,1,0.7988109515801263,0.414922445929094,0.1396478850550822,1,0,8.1,0.0,0,0
S0271,Kukatpally,Madhapur,A,high,10.5,0,0.16035580403654476,0.5453822334407574,0.028513649141329176,0,0,5.4,0.0,0,0
S0272,Uppal,Secunderabad,A,medium,30.4,1,0.7435384234362925,0.3929868666595426,0.17735980636288173,0,0,17.2,2.1,1,1
S0273,Secunderabad,Uppal,A,medium,9.1,0,0.4514412393236972,0.4194442184958179,0.08994503832648024,1,0,5.3,0.2,1,0
S0274,Banjara Hills,Secunderabad,C,medium,7.0,1,0.19163907012942288,0.5807120562364476,0.10967269303849313,0,0,3.8,0.0,0,0
S0275,Uppal,Madhapur,B,express,12.1,0,0.2957240053597697,0.450923191341612,0.01977071516877277,0,0,5.1,0.6,1,0
S0276,Secunderabad,Madhapur,B,express,21.2,1,0.3914034389538895,0.24821785831910986,0.1212907533613272,0,0,8.9,0.8,1,0
S0277,Uppal,Gachibowli,C,express,24.5,0,0.47798757259089014,0.34608574114297164,0.04389335071461493,0,0,10.7,0.0,0,0
S0278,HITEC City,Madhapur,A,express,21.5,0,0.6275565731421426,0.61222059048613,0.002057057391702055,1,0,9.5,0.8,1,0
S0279,Banjara Hills,HITEC City,D,medium,23.7,0,0.3854883350618049,0.8317042571953364,0.04390398580513129,0,0,13.3,0.5,1,0
S0280,Kondapur,Secunderabad,B,low,22.5,1,0.602579525180852,0.6687595565880112,0.11531776990341677,0,0,15.1,0.0,0,0
S0281,Secunderabad,Banjara Hills,A,high,4.5,2,0.3161368086453896,0.7243004177004224,0.11361067082541212,1,0,2.0,1.2,1,1
S0282,Secunderabad,Kondapur,B,high,24.3,0,0.3007332690865797,0.2885731398456619,0.018127813149831425,1,0,12.1,0.7,1,0
S0283,HITEC City,Madhapur,C,medium,7.8,0,0.049294182501829154,0.174966021579841,0.022895765158167054,1,0,4.6,0.0,0,0
S0284,Madhapur,Shamshabad,D,low,11.4,2,0.40523003597254587,0.7573561934181623,0.034761865292699035,0,0,7.6,0.0,0,0
S0285,Uppal,Kukatpally,C,medium,44.3,1,0.8209797278018404,0.98,0.1572550362308206,0,0,24.5,0.0,0,1
S0286,Shamshabad,Kukatpally,C,medium,27.6,0,0.5943445032851598,0.6228104396692452,0.05716673782572752,0,0,15.2,0.0,0,0
S0287,Shamshabad,Banjara Hills,D,medium,34.6,0,0.5687428241040946,0.6498140053917453,0.011073252984423895,0,0,19.4,1.1,1,1
S0288,Kukatpally,HITEC City,A,express,10.9,1,0.47394650240915975,0.624251442422922,0.09757413249335574,0,0,4.6,0.0,0,0
S0289,Secunderabad,Madhapur,D,low,12.6,0,0.32920733166570587,0.4826591493482454,0.12614636185490066,1,0,8.6,0.0,0,0
S0290,Banjara Hills,Secunderabad,D,express,14.1,0,0.18624244820996588,0.4861566714411677,0.002782419173797971,0,0,6.2,0.0,0,0
S0291,Banjara Hills,Gachibowli,C,high,46.7,1,0.5313509966487993,0.8646521907566747,0.0049832965385575734,0,0,22.6,3.1,1,1
S0292,Shamshabad,Banjara Hills,B,high,29.1,3,0.6831020014805672,0.98,0.08507893796920671,0,0,14.0,0.0,0,1
S0293,Uppal,Madhapur,A,low,17.0,0,0.5330792776592956,0.4972758555807591,0.039766147875986826,0,0,11.5,0.0,0,0
S0294,Shamshabad,Kukatpally,C,medium,27.8,1,0.6811950428174051,0.9204855741176124,0.010515613660005349,0,0,15.5,0.0,0,1
S0295,Gachibowli,Kukatpally,A,medium,22.1,0,0.4256534405499711,0.6145283154426138,0.013516792829666155,0,0,12.2,0.0,0,0
S0296,Uppal,Kondapur,C,medium,6.3,0,0.25091721622711655,0.23963526341177055,0.05571480166890246,0,0,3.9,0.0,0,0
S0297,Madhapur,Uppal,A,medium,48.5,0,0.8424976438857075,0.7373329093495896,0.11902363513149225,0,0,27.2,0.0,0,0
S0298,HITEC City,Kondapur,B,high,29.0,0,0.3775282889250312,0.6743474930934887,0.05357224026200076,0,0,14.3,0.0,0,0
S0299,HITEC City,Shamshabad,D,medium,20.7,2,0.8120485649018265,0.741980894597781,0.0036505009551988893,0,0,11.8,0.0,0,1
S0300,Gachibowli,Kondapur,B,medium,14.9,1,0.5192908694749387,0.46540795494559484,0.18729353049323055,0,0,8.6,0.7,1,0
S0301,Kukatpally,HITEC City,C,medium,29.8,0,0.4969199931314495,0.6902545290658478,0.027825006310872282,0,0,16.4,0.0,0,0
S0302,Uppal,Madhapur,D,high,7.4,1,0.327886483310261,0.21829544797555933,0.06910166409973355,0,0,3.6,0.7,1,0
S0303,Kondapur,Secunderabad,B,medium,16.0,0,0.23940414017895334,0.5719132179309526,0.1601152681756708,0,0,8.9,0.0,0,0
S0304,Banjara Hills,Madhapur,B,high,23.3,0,0.3032574022553761,0.24298383398210288,0.017536091299685426,0,0,11.1,0.0,0,0
S0305,HITEC City,Shamshabad,D,medium,16.3,1,0.676038539866294,0.48279265882840317,0.10291564378785943,0,0,9.0,1.1,1,1
S0306,Gachibowli,Kukatpally,B,medium,20.3,1,0.6504728316379789,0.6168269264454731,0.03250329648313478,0,0,11.6,0.0,0,0
S0307,Madhapur,Banjara Hills,D,high,17.0,0,0.27205630131132835,0.652007209985749,0.22282967468708498,0,0,8.2,0.0,0,0
S0308,Kondapur,Shamshabad,C,medium,28.3,1,0.7701716796874372,0.8259536220717855,0.08941666600097586,0,0,15.6,0.0,0,1
S0309,Secunderabad,HITEC City,C,express,20.0,0,0.27003690828271687,0.5968423211254605,0.015393716821349317,0,1,8.4,0.0,0,0
S0310,Madhapur,Shamshabad,D,low,12.0,1,0.3869814479565045,0.6860485619467754,0.08198697012418599,1,0,8.1,0.0,0,0
S0311,Madhapur,Kondapur,C,express,20.6,2,0.4779090437418462,0.5674711912346906,0.013215881212255292,1,0,8.9,2.1,1,1
S0312,Shamshabad,Banjara Hills,D,medium,15.1,0,0.2813668353850161,0.6756053456401186,0.0016269339669741994,1,1,8.5,0.0,0,0
S0313,Uppal,Kondapur,B,medium,15.6,0,0.3072839790081237,0.8010593464027757,0.02863944811021095,1,0,8.8,1.2,1,1
S0314,Secunderabad,Shamshabad,D,express,36.3,2,0.8367212595522909,0.6821356807316691,0.014008984048942828,1,0,15.8,0.0,0,1
S0315,Shamshabad,HITEC City,C,express,8.7,1,0.35626143123388365,0.4768183341890535,0.003990447992017175,0,0,3.6,0.2,1,0
S0316,Kondapur,Madhapur,D,medium,24.4,2,0.575040390293866,0.6375931938663209,0.03336571058809985,1,0,13.6,0.0,0,0
S0317,Kondapur,Banjara Hills,D,express,18.2,0,0.5011210090114269,0.44896180977558675,0.0012260621373827402,0,0,7.9,0.9,1,0
S0318,Madhapur,Uppal,A,express,8.3,2,0.527977642765612,0.5910880637958671,0.04058778002121931,0,0,3.7,1.3,1,1
S0319,Uppal,Kondapur,C,high,13.4,2,0.3784573491037587,0.6267690877769406,0.1662440446158276,0,0,6.7,1.6,1,1
S0320,Gachibowli,Secunderabad,A,high,17.9,0,0.3335566693023524,0.47997192263310745,0.003577191090800708,0,0,9.0,0.0,0,0
S0321,Madhapur,Gachibowli,D,medium,26.4,0,0.46805810610334275,0.579279105956978,0.02106535960776145,0,0,14.7,0.3,1,0
S0322,Kondapur,Secunderabad,C,medium,15.9,2,0.49562308983669345,0.6421628799572511,0.10716038282319404,1,0,8.8,2.2,1,1
S0323,Kondapur,Shamshabad,D,high,6.9,0,0.4546358071226176,0.19486943104177293,0.00580270761303846,0,0,3.6,0.8,1,0
S0324,Shamshabad,Kukatpally,A,low,8.8,0,0.1004897266190409,0.4887220901510376,0.05031100789671945,0,0,5.7,1.0,1,1
S0325,Madhapur,Secunderabad,B,medium,46.0,0,0.6559065090540449,0.719911582836546,0.20003329795051034,0,0,25.7,0.8,1,0
S0326,HITEC City,Madhapur,B,high,20.0,0,0.25910098932010905,0.5144391164605073,0.007786298443365046,0,0,9.8,0.0,0,0
S0327,HITEC City,Kukatpally,C,high,23.8,0,0.5581746029735885,0.854630895553642,0.06901893673512358,0,0,11.9,0.0,0,0
S0328,Shamshabad,Secunderabad,A,low,7.6,1,0.21599183367606764,0.7408563899675604,0.0471046467912393,0,0,5.1,0.0,0,0
S0329,HITEC City,Kondapur,C,high,21.4,1,0.37826280219159847,0.8322590873722653,0.034134318813337304,0,0,10.5,0.0,0,0
S0330,Gachibowli,Uppal,B,high,12.0,1,0.336222788685917,0.49991666101514265,0.07839097859941996,1,1,6.2,0.7,1,0
S0331,Shamshabad,Kukatpally,D,low,24.5,1,0.32832239944965913,0.8595519898271892,0.00516244805611346,0,0,16.1,0.0,0,0
S0332,Uppal,Banjara Hills,B,medium,47.2,0,0.9031178717992123,0.880358189249225,0.07706983465884877,0,0,26.2,1.9,1,1
S0333,Madhapur,Secunderabad,A,high,18.0,0,0.25484537315059747,0.6557139521645808,0.12336489263842362,0,0,8.8,1.1,1,1
S0334,Banjara Hills,Kondapur,D,medium,11.5,1,0.4595691028179107,0.8098012192583126,0.06690192251471076,0,0,6.6,1.7,1,1
S0335,Secunderabad,Uppal,A,high,7.2,1,0.22603269596680195,0.19038356721458366,0.011069568860795015,0,0,3.5,1.0,1,1
S0336,Secunderabad,Uppal,D,high,21.0,0,0.6551292899865764,0.23587884689205146,0.09656735437089035,1,0,10.3,0.4,1,0
S0337,Madhapur,Gachibowli,C,high,29.7,0,0.6436352048242319,0.4840732845921414,0.03162773170631993,1,0,14.7,1.4,1,1
S0338,Gachibowli,Shamshabad,D,express,26.6,1,0.47812765111133987,0.8158994566859631,0.0686786059765817,0,0,11.5,0.0,0,0
S0339,HITEC City,Uppal,A,express,18.8,1,0.5454293437432173,0.5160862887426103,0.025016329477691168,1,1,8.0,2.0,1,1
S0340,Secunderabad,Kukatpally,D,high,15.8,2,0.5580631888855678,0.5870244894045943,0.015945141741392638,1,0,7.9,0.0,0,0
S0341,Secunderabad,HITEC City,B,high,6.3,2,0.5735936974820579,0.5392074984423019,0.005582830790327279,1,1,3.3,0.0,0,0
S0342,Uppal,Madhapur,B,medium,36.9,0,0.5817921976948607,0.6376607269680633,0.0754748247860732,0,0,20.9,0.8,1,0
S0343,Banjara Hills,Shamshabad,C,medium,29.0,0,0.6186210247001853,0.46000705870038017,0.005254354141919405,0,0,16.4,0.0,0,0
S0344,Secunderabad,Gachibowli,B,medium,24.9,0,0.46785497332654763,0.3410763083842143,0.014898138100410845,0,0,13.8,0.0,0,0
S0345,Kondapur,Uppal,C,low,27.7,0,0.5232391260843738,0.2535098955050819,0.10518886534588087,1,0,18.2,0.0,0,0
S0346,Shamshabad,Kukatpally,C,high,6.3,1,0.483438595362099,0.4079156514504257,0.0573776899717235,1,0,3.1,0.0,0,0
S0347,Shamshabad,HITEC City,A,express,17.7,0,0.616228302304731,0.4070175102398916,0.08643612526715355,0,0,7.7,0.4,1,0
S0348,Gachibowli,Banjara Hills,A,high,15.9,1,0.48315772178948824,0.6448912161871149,0.008009519219610765,0,0,7.8,0.9,1,0
S0349,Shamshabad,Madhapur,D,express,13.0,0,0.19525593812515443,0.35354047672223,0.023532985876946095,1,1,5.7,0.0,0,0
S0350,Shamshabad,Madhapur,C,medium,49.4,1,0.6101348274863596,0.98,0.13792637276798245,0,0,27.5,0.0,0,1
S0351,Banjara Hills,Secunderabad,A,medium,38.4,0,0.49131612969014304,0.5247328419059921,0.05600783265043337,1,0,21.6,0.0,0,0
S0352,Banjara Hills,Uppal,C,medium,17.9,2,0.5874942677718255,0.6637204908451514,0.18252375749357608,1,0,9.8,0.0,0,0
S0353,Secunderabad,Shamshabad,A,medium,24.4,0,0.6078747807128029,0.6513928626525852,0.15241458135683095,0,0,13.8,0.9,1,0
S0354,Shamshabad,Kukatpally,C,high,44.6,0,0.8461525488923949,0.8549005148851503,0.15820920511353848,0,0,21.8,1.9,1,1
S0355,Gachibowli,Kondapur,C,low,24.9,2,0.6089644668758103,0.7995123573321182,0.008598879107958828,0,1,16.6,3.4,1,1
S0356,Kondapur,Uppal,B,low,17.6,0,0.10468794765366218,0.4704779740732576,0.0697370919624993,0,0,11.5,0.0,0,0
S0357,Madhapur,Secunderabad,B,low,11.0,1,0.4060045033332255,0.4217645310618476,0.011422106964938152,1,0,7.6,0.8,1,0
S0358,Banjara Hills,Uppal,A,high,18.3,1,0.5525499857521322,0.4703792042368389,0.08365595002987164,1,1,9.1,1.7,1,1
S0359,Madhapur,HITEC City,A,express,20.4,0,0.38443101964409526,0.44470417838403803,0.12046358774726952,1,0,8.7,0.8,1,0
S0360,HITEC City,Madhapur,D,high,8.3,0,0.2223093782330285,0.13392759984592642,0.0336623757970261,0,0,4.0,0.0,0,0
S0361,Kondapur,Uppal,D,express,22.3,1,0.6232974790240888,0.4852986856667293,0.04473173258459418,1,0,9.4,1.6,1,1
S0362,Banjara Hills,Kukatpally,A,low,20.5,0,0.6011226284315017,0.7253535096311151,0.12551968206922262,0,0,13.7,0.9,1,0
S0363,Shamshabad,Gachibowli,D,express,16.0,0,0.23924139114848944,0.6858123400762693,0.051933916195717,0,0,7.2,0.8,1,0
S0364,Kukatpally,Uppal,D,medium,23.9,1,0.35471022264442875,0.9506069993386865,0.006846644433001955,1,0,13.3,0.0,0,0
S0365,Kondapur,Gachibowli,D,high,48.0,3,1.0,0.7250428734876333,0.03613565056575675,0,0,23.3,6.5,1,1
S0366,Shamshabad,Uppal,A,high,24.8,1,0.6570748616597043,0.7827422784042061,0.14457459288214228,0,0,12.2,2.4,1,1
S0367,HITEC City,Shamshabad,B,high,24.7,1,0.6578958761248446,0.7694508733907516,0.01156341972913496,0,1,12.0,0.0,0,0
S0368,Uppal,HITEC City,B,express,44.8,3,0.7249149198380636,0.98,0.0916802045002507,0,0,19.2,5.6,1,1
S0369,Gachibowli,HITEC City,A,medium,18.3,0,0.3170782189724284,0.7279281280909937,0.06588332173016294,1,0,10.4,0.0,0,0
S0370,Shamshabad,HITEC City,C,high,48.5,1,0.7275982343672198,0.98,0.0330409135564282,0,1,23.8,4.3,1,1
S0371,HITEC City,Secunderabad,C,express,26.4,2,0.6353773891818483,0.7584680657984315,0.007504381528803898,0,0,11.4,0.0,0,0
S0372,Kondapur,Banjara Hills,B,express,3.3,0,0.4000040758915908,0.31377217956213493,0.028826780392492153,0,0,1.3,0.7,1,0
S0373,Uppal,HITEC City,C,medium,23.6,0,0.3101588121879547,0.5972997925058252,0.043340596030867935,0,0,13.1,0.0,0,0
S0374,HITEC City,Shamshabad,A,express,32.1,0,0.5508353993225491,0.5441389369260454,0.022950442634862872,0,0,14.0,0.6,1,0
S0375,Gachibowli,Shamshabad,C,express,47.2,0,0.7701738735106806,0.7728750319998151,0.08789976137216512,0,0,20.5,1.5,1,1
S0376,HITEC City,Banjara Hills,A,medium,5.6,0,0.2027593822851577,0.3826668384394821,0.004840830439565018,0,1,3.4,0.9,1,0
S0377,Uppal,Kukatpally,A,medium,15.9,0,0.1608764339181564,0.7944425476193979,0.1623932100917498,1,0,8.7,0.0,0,0
S0378,Gachibowli,Secunderabad,D,medium,16.9,0,0.308893603877539,0.7548912022686347,0.15678141182834565,0,0,9.8,1.0,1,1
S0379,Uppal,Madhapur,A,express,30.5,1,0.6716929058602118,0.861136402545917,0.006197881150502355,0,0,13.3,0.0,0,0
S0380,Madhapur,Secunderabad,A,medium,7.6,2,0.5133517514546786,0.6006477497851518,0.06293568668756637,1,0,4.4,0.0,0,0
S0381,Banjara Hills,HITEC City,A,high,31.0,0,0.5762663994883097,0.6102192751287224,0.05485580200438725,0,0,14.9,0.5,1,0
S0382,Madhapur,Gachibowli,D,express,11.2,2,0.43648466612582004,0.7419479925393085,0.0425266757528698,1,0,5.1,1.7,1,1
S0383,Shamshabad,Kondapur,D,high,19.3,1,0.19071910174668788,0.40528791912736595,0.07597946017214566,1,0,9.6,0.7,1,0
S0384,Shamshabad,Secunderabad,A,medium,10.0,0,0.3984536175943937,0.29822718924623814,0.16425811319167072,1,1,5.6,0.0,0,0
S0385,Secunderabad,Uppal,D,medium,18.7,0,0.3252915254958764,0.41439255454194723,0.07107807489961115,1,1,10.4,1.1,1,1
S0386,Secunderabad,Uppal,D,high,11.0,0,0.47356515120986636,0.43989459649880963,0.005012790222411344,0,0,5.3,0.0,0,0
S0387,Uppal,Madhapur,C,medium,8.4,0,0.36398383423334624,0.5114452502639801,0.06261088869830865,1,0,4.6,0.0,0,0
S0388,Gachibowli,Shamshabad,A,low,13.5,0,0.15239058215161014,0.4108893838032205,0.17924720461685043,0,0,9.1,0.0,0,0
S0389,Kukatpally,Gachibowli,D,express,12.8,0,0.1561512143251968,0.3523255273592551,0.026735580754316122,0,0,5.4,0.1,1,0
S0390,Shamshabad,Kukatpally,C,low,8.9,1,0.39214210482877154,0.7165219300694811,0.14922369566534688,0,0,5.9,0.0,0,0
S0391,HITEC City,Secunderabad,D,medium,25.1,3,0.863038520360659,0.98,0.08957943759070214,0,0,13.8,4.5,1,1
S0392,Banjara Hills,Secunderabad,D,medium,22.6,0,0.4756216387889636,0.6648097136195087,0.12981622334658185,0,0,12.7,1.0,1,1
S0393,Secunderabad,HITEC City,D,high,18.3,2,0.5434381918227091,0.8333976369481741,0.18946640374938156,0,0,8.7,0.0,0,0
S0394,Gachibowli,Madhapur,A,medium,26.5,1,0.5905797790581999,0.6998892362341725,0.04649001964118025,0,0,15.1,1.9,1,1
S0395,Secunderabad,HITEC City,C,express,30.1,2,0.3944260557616825,0.9408435127599419,0.10219616523123784,1,0,13.0,3.6,1,1
S0396,Madhapur,Gachibowli,B,medium,29.7,1,0.7078373206565525,0.98,0.034107829007360535,0,1,16.7,0.0,0,1
S0397,Uppal,Shamshabad,A,high,31.2,2,0.6899049404117472,0.7321008541236861,0.016043340052793526,1,0,15.0,0.0,0,1
S0398,Kondapur,Uppal,C,express,14.1,1,0.19120729993013214,0.646188333876509,0.09110157796934507,0,0,5.8,0.0,0,0
S0399,Kondapur,Kukatpally,C,medium,24.5,1,0.6746794862811193,0.8728329872178995,0.0581418466533027,1,0,13.6,0.0,0,1
S0400,Banjara Hills,Kukatpally,C,express,23.0,0,0.44792537818970235,0.8335400851313712,0.09561908691725639,0,0,10.0,0.7,1,0
S0401,HITEC City,Gachibowli,B,medium,34.5,1,0.8751545300161531,0.718354494192194,0.013186121759227419,1,0,19.5,3.7,1,1
S0402,Uppal,Shamshabad,C,medium,25.1,0,0.5729371367346207,0.4343914886211644,0.02288278663677407,0,0,14.2,0.0,0,0
S0403,Shamshabad,Banjara Hills,D,high,28.0,2,0.812160736043392,0.98,0.014597795649886716,0,0,13.5,0.0,0,1
S0404,HITEC City,Uppal,A,medium,19.4,0,0.29747039534434133,0.524303140548501,0.14465172204220353,0,0,10.8,0.0,0,0
S0405,Shamshabad,Kondapur,B,medium,24.0,0,0.3149023468700799,0.5191061982335057,0.0350697946192182,0,0,13.3,0.1,1,0
S0406,Gachibowli,Kukatpally,B,high,21.3,0,0.3144972814834834,0.7679241679007018,0.011004485587194662,1,0,10.5,1.0,1,1
S0407,Kondapur,Uppal,D,express,26.8,0,0.5695720299536446,0.5312049188001204,0.01740701697693665,1,0,11.5,0.9,1,0
S0408,Kukatpally,Banjara Hills,A,low,40.3,2,0.7303914471008301,0.7972443779790508,0.027970197979254638,0,0,26.2,0.0,0,0
S0409,Kondapur,Uppal,A,high,29.8,0,0.5473140450514268,0.602170437360991,0.21913487327247735,0,0,14.3,1.0,1,1
S0410,Kondapur,Shamshabad,B,high,12.6,0,0.2934074454594765,0.32934196068029586,0.2280138076853479,0,0,5.9,0.2,1,0
S0411,Banjara Hills,Uppal,B,high,27.7,3,0.5799577280881402,0.98,0.015585443682578696,1,0,13.7,5.0,1,1
S0412,Banjara Hills,Gachibowli,B,medium,43.7,1,0.6850019957854834,0.9629390318500808,0.14689164681469488,0,0,24.5,0.0,0,1
S0413,Uppal,Kondapur,B,express,16.9,0,0.2747423863507293,0.42075062274123703,0.03666004700404108,1,0,7.5,0.0,0,0
S0414,Kondapur,HITEC City,C,high,25.7,0,0.46854826295873403,0.5485190384027399,0.012016496318932413,0,0,12.8,0.0,0,0
S0415,Uppal,Banjara Hills,C,high,9.3,0,0.40936508261047655,0.5988092135924529,0.08571451984323726,1,0,4.4,0.3,1,0
S0416,Secunderabad,Kukatpally,B,high,30.3,0,0.3206603006068628,0.8874618608659173,0.03295735996913504,1,1,15.0,1.0,1,1
S0417,HITEC City,Shamshabad,B,medium,14.9,2,0.5127984338390242,0.6742602935403209,0.006492346082610712,0,0,8.2,0.0,0,0
S0418,HITEC City,Secunderabad,D,medium,45.1,0,0.6137462960381814,0.8555096363847766,0.04858713205549698,1,0,25.0,2.0,1,1
S0419,Shamshabad,HITEC City,B,high,40.1,0,0.6598896496698975,0.9395755016847258,0.013566197771269987,0,0,19.6,0.0,0,0
S0420,Banjara Hills,Madhapur,D,medium,11.8,0,0.26455645580928233,0.4214994262970766,0.018662456437191857,0,1,6.7,0.0,0,0
S0421,Uppal,Shamshabad,A,high,9.3,0,0.3896759412910714,0.43888080826440423,0.09599849660569236,0,0,4.6,0.0,0,0
S0422,HITEC City,Secunderabad,D,high,9.7,0,0.3600176997377959,0.33091052973007085,0.11370507190392909,1,0,4.6,0.0,0,0
S0423,Madhapur,Uppal,D,express,9.6,0,0.5201376869384499,0.46145027826232626,0.11609044052251648,0,0,4.3,0.0,0,0
S0424,Shamshabad,HITEC City,D,low,7.8,3,0.4790560548410133,0.9535011946289107,0.2194450342220261,1,1,5.0,3.1,1,1
S0425,Kukatpally,HITEC City,A,medium,20.9,0,0.4898093464078763,0.47730871172745293,0.1336709982338571,0,0,11.9,0.0,0,0
S0426,Kukatpally,Gachibowli,A,high,7.1,0,0.15665762380040277,0.5257801973802245,0.012712332170802552,0,0,3.8,0.0,0,0
S0427,Banjara Hills,Secunderabad,C,high,7.1,1,0.27547603254149905,0.19234202079634327,0.13729081614721605,0,0,3.5,0.6,1,0
S0428,Secunderabad,Uppal,B,medium,16.1,0,0.440483973232566,0.3551591329291746,0.06683592335673302,0,0,9.3,0.0,0,0
S0429,Secunderabad,Kukatpally,B,high,10.3,1,0.41786036138851146,0.27540406764822606,0.08343481002573808,0,0,4.9,0.4,1,0
S0430,Banjara Hills,Kondapur,B,low,26.1,0,0.36627729009720483,0.553457553845625,0.037210876029966033,0,0,17.0,0.0,0,0
S0431,Gachibowli,Secunderabad,A,express,7.3,1,0.3400864111114739,0.45966204492218565,0.12491038275533523,1,1,3.3,0.0,0,0
S0432,Kukatpally,Secunderabad,A,express,6.2,0,0.0,0.4001387419611494,0.04964457938962784,0,0,2.6,0.6,1,0
S0433,Gachibowli,HITEC City,B,express,15.9,0,0.3374062409317983,0.4894488169404116,0.09736885976056356,0,0,7.0,0.0,0,0
S0434,Secunderabad,HITEC City,A,low,13.8,1,0.4719343230876131,0.4296455890766501,0.13695225590849017,0,0,9.1,0.5,1,0
S0435,Kondapur,Secunderabad,C,express,15.2,0,0.2269299997546608,0.7793534751789051,0.1697108925520947,0,0,6.4,0.0,0,0
S0436,Banjara Hills,Kukatpally,D,high,6.1,0,0.055990239977564055,0.3315216820858925,0.035598696924867744,0,1,3.2,0.0,0,0
S0437,HITEC City,Secunderabad,D,express,9.1,1,0.12868808857954184,0.7881621340893826,0.0790776363364971,0,0,4.2,0.3,1,0
S0438,Uppal,Gachibowli,B,high,9.8,2,0.664552346987144,0.5111199763418015,0.0190118763828189,0,1,5.1,1.8,1,1
S0439,Uppal,Gachibowli,B,express,12.3,0,0.1770152337007925,0.2784427398214764,0.0025941408605588555,0,0,5.5,1.0,1,1
S0440,Secunderabad,Madhapur,B,high,24.8,1,0.5441268222427462,0.4831405769142527,0.09225949351666247,1,0,12.1,1.3,1,1
S0441,Gachibowli,Secunderabad,B,high,7.5,0,0.639371648301823,0.5700469788203388,0.08587556877347059,1,0,3.5,1.1,1,1
S0442,Uppal,Shamshabad,C,express,9.9,0,0.13321153682741516,0.29400123096422554,0.02669859406015759,0,0,4.1,0.0,0,0
S0443,Shamshabad,Secunderabad,D,medium,10.6,0,0.32726781306904046,0.33041207929386057,0.02890833380765247,0,0,6.2,0.0,0,0
S0444,Madhapur,Gachibowli,A,medium,24.2,0,0.2586968692644769,0.5238086786246497,0.04990524566930246,0,0,13.4,0.0,0,0
S0445,Kondapur,Shamshabad,D,express,11.0,0,0.3891305738020022,0.3707801544021196,0.06349782523242886,1,0,4.6,0.0,0,0
S0446,Kukatpally,Madhapur,C,high,10.1,1,0.5921582130997578,0.5480648884962581,0.020364368900903245,1,0,4.8,0.0,0,0
S0447,Kondapur,Banjara Hills,A,low,29.4,0,0.2999270897293368,0.4088818297486394,0.020101532492715596,0,0,19.1,0.0,0,0
S0448,Secunderabad,Uppal,B,medium,28.6,0,0.5370762139113036,0.6561740087853938,0.003528643957185717,0,0,16.3,0.0,0,0
S0449,Uppal,Secunderabad,D,low,6.7,1,0.4038845240369357,0.05,0.009531710983059313,1,0,4.5,0.0,0,0
S0450,Madhapur,HITEC City,D,low,33.0,1,0.47480135693446,0.47729489590212615,0.1064447255832215,0,0,21.7,1.6,1,1
S0451,Kukatpally,HITEC City,B,high,6.6,0,0.015499178843766281,0.28625071495204985,0.008835861109247594,0,0,3.1,0.6,1,0
S0452,Kukatpally,Banjara Hills,D,express,26.1,1,0.4344148819631848,0.7438851085985516,0.12306460887209832,1,0,11.3,2.1,1,1
S0453,Kondapur,Kukatpally,B,low,7.5,2,0.3969426819696407,0.534281639682189,0.15986660312992731,0,0,5.1,0.0,0,0
S0454,Kukatpally,Uppal,B,medium,21.7,0,0.40868289568293115,0.6312132651095489,0.022538718693465118,0,0,12.3,0.2,1,0
S0455,HITEC City,Banjara Hills,A,high,29.9,1,0.6540755240350151,0.513811133132364,0.026149589608661435,0,0,14.5,2.0,1,1
S0456,Kukatpally,Kondapur,D,express,22.1,0,0.4927303392852637,0.512142187661024,0.042440315918860744,1,0,9.5,1.1,1,1
S0457,Shamshabad,Uppal,B,express,20.2,0,0.5095198196984251,0.18598568629007567,0.10447063835627869,1,0,8.5,0.0,0,0
S0458,Shamshabad,Gachibowli,C,express,26.4,2,0.6149421161868857,0.5251784708308509,0.09044294899730247,0,0,11.4,0.0,0,0
S0459,Kukatpally,Banjara Hills,B,high,14.9,1,0.41380109936801557,0.5705682014888294,0.17941217758348255,0,1,7.0,0.0,0,0
S0460,Banjara Hills,Madhapur,D,express,35.2,0,0.49569345666103687,0.6394909568306675,0.06476398998779247,0,1,15.2,0.0,0,0
S0461,Kondapur,Shamshabad,D,express,16.5,1,0.5604548591629396,0.5159019705587715,0.000805984393276252,0,0,6.9,0.0,0,0
S0462,Kukatpally,Shamshabad,B,medium,25.6,1,0.27033216396146265,0.6744659126881414,0.08292238939576088,1,0,14.4,2.1,1,1
S0463,Kukatpally,Secunderabad,D,low,11.4,0,0.24854607969226394,0.05281975096096719,0.01019641081121403,1,0,7.3,1.0,1,1
S0464,Gachibowli,Banjara Hills,D,high,17.1,0,0.4201791711126164,0.43183588523061356,0.044265983453297034,0,1,8.6,0.0,0,0
S0465,Kondapur,Kukatpally,C,low,30.8,0,0.3600663270576221,0.8207835029587776,0.10170432902993468,0,0,20.1,1.1,1,1
S0466,Kukatpally,HITEC City,D,high,16.2,0,0.4138420124578053,0.5639268381119116,0.07034287864159287,0,0,7.9,0.9,1,0
S0467,Uppal,Banjara Hills,C,medium,13.9,0,0.3810165391569877,0.21351670983807086,0.061987917152367206,0,0,8.0,0.0,0,0
S0468,Gachibowli,HITEC City,C,medium,33.6,1,0.47722199249361597,0.6233946959445552,0.003388554789561277,0,0,19.0,1.8,1,1
S0469,Uppal,Madhapur,A,medium,12.5,0,0.5609590549096246,0.18368470051932154,0.08899626829851055,0,0,6.8,0.0,0,0
S0470,Uppal,Kukatpally,D,low,45.7,0,0.6773448013163931,0.6521022688258508,0.12665073127835352,0,0,30.1,0.0,0,0
S0471,HITEC City,Gachibowli,A,medium,28.2,0,0.5760250485542194,0.6099731930950425,0.09123153913453404,0,0,15.9,0.6,1,0
S0472,Shamshabad,Madhapur,A,high,19.9,0,0.18133404192449878,0.6590024663071754,0.04696339325437927,0,1,9.5,0.2,1,0
S0473,Gachibowli,Shamshabad,C,high,18.0,0,0.4262128491138711,0.4754421765735021,8.774715446059776e-06,1,0,8.7,0.6,1,0
S0474,Banjara Hills,Madhapur,C,low,16.0,0,0.5822273689262375,0.36257226836442524,0.013332298465791894,0,0,10.4,0.0,0,0
S0475,Gachibowli,HITEC City,C,express,18.6,1,0.3602110270554204,0.5104665061273941,0.06944485305020708,0,1,7.9,0.0,0,0
S0476,Madhapur,Banjara Hills,D,express,7.0,0,0.207324251381797,0.2546034963262098,0.008965854149274265,1,0,3.0,0.6,1,0
S0477,Kukatpally,Kondapur,B,medium,34.9,2,0.5853306444195774,0.8921798847484218,0.012211027035044526,0,0,19.4,0.0,0,0
S0478,Gachibowli,Shamshabad,A,low,20.7,0,0.5599078965440316,0.2083016928929684,0.03888757971783344,0,1,13.4,0.4,1,0
S0479,Shamshabad,Banjara Hills,B,medium,25.0,0,0.4153601325187005,0.6527264105997364,0.021031065285099893,1,0,14.3,0.7,1,0
S0480,Kondapur,Shamshabad,A,medium,21.5,2,0.46238924680654375,0.9053364463773739,0.03722906074228138,0,0,12.3,2.0,1,1
S0481,Kukatpally,Madhapur,A,medium,27.5,0,0.5348042775433357,0.5016141150501359,0.050399943878549694,0,0,15.2,0.0,0,0
S0482,Uppal,Banjara Hills,B,high,19.6,0,0.3426475634613172,0.6744836580812485,0.002602954696412647,1,0,9.3,0.0,0,0
S0483,Madhapur,Kukatpally,C,high,10.5,1,0.6477571993271753,0.46584307121797713,0.15267066014856093,0,0,5.0,0.0,0,0
S0484,Uppal,Madhapur,B,low,12.3,0,0.3936658699793731,0.30821664509929614,0.01647758004193672,0,0,8.1,0.5,1,0
S0485,Uppal,HITEC City,C,express,6.3,0,0.34735160588512504,0.3048299836700591,0.012875508204439298,0,0,2.5,0.0,0,0
S0486,HITEC City,Secunderabad,C,express,25.7,0,0.45088082653225586,0.6318634692579984,0.019298090733061633,1,0,11.1,0.8,1,0
S0487,Secunderabad,HITEC City,A,express,21.0,1,0.3811458691696936,0.7320322059955825,0.04582316535584133,0,0,9.3,0.0,0,0
S0488,Shamshabad,Gachibowli,C,high,15.7,0,0.30695631723089245,0.43954140057088353,0.0007389461322162115,0,0,7.7,0.0,0,0
S0489,Shamshabad,Uppal,B,high,18.5,0,0.30774875854664624,0.43664621737321363,0.12720639604914882,0,0,9.1,0.0,0,0
S0490,HITEC City,Shamshabad,D,medium,16.8,1,0.5466489053996858,0.7047647984263004,0.06318603022646631,0,0,9.7,2.0,1,1
S0491,Madhapur,Uppal,A,medium,25.1,0,0.5687485868269234,0.7184413495632673,0.011743257004514798,0,1,13.8,1.7,1,1
S0492,Shamshabad,Banjara Hills,D,high,8.2,0,0.22690954397186724,0.527529524002795,0.01739097344875447,0,0,4.0,0.9,1,0
S0493,Kukatpally,Kondapur,C,high,15.9,0,0.5019020619262506,0.7335590784192247,0.0015089594044595054,0,0,7.6,0.0,0,0
S0494,Secunderabad,Uppal,D,express,17.8,0,0.4516242750927143,0.2887871512372899,0.0503902794565403,0,0,7.6,0.9,1,0
S0495,Madhapur,Gachibowli,B,medium,16.5,0,0.58496835892361,0.655562469087183,0.08598983488143891,1,0,9.4,1.2,1,1
S0496,HITEC City,Banjara Hills,A,high,21.1,0,0.2435703582960466,0.6124971908948922,0.0008030721270063488,1,0,10.5,0.4,1,0
S0497,Madhapur,Shamshabad,B,high,23.6,0,0.49477655319961084,0.19254266753110555,0.004415917213502762,1,0,11.6,0.0,0,0
S0498,HITEC City,Gachibowli,B,low,20.8,0,0.5256449654583923,0.4079038498968427,0.06234500634500898,0,0,14.0,0.1,1,0
S0499,Gachibowli,Uppal,A,medium,23.5,0,0.17549493908470631,0.8174913651116593,0.015065056236288898,0,0,13.3,0.0,0,0
S0500,Banjara Hills,HITEC City,B,high,22.8,0,0.2637340922096598,0.6258182807183305,0.02758242446598319,0,0,11.2,0.0,0,0
